{"P_5": 0.18739612188365373, "P_10": 0.1458448753462593, "P_20": 0.10813711911357302, "ndcg_cut_5": 0.2254814627929811, "ndcg_cut_10": 0.2142570818464804, "ndcg_cut_20": 0.2262712207405649, "ndcg_cut_100": 0.25955927482839686, "map": 0.11864927763531546, "recall_100": 0.29756910665880826}